ArtistID,ArtistName
1,Casual
2,The Box Tops
3,Sonora Santanera
4,Adam Ant
5,Gob
6,Jeff And Sheri Easter
7,Rated R
8,Tweeterfriendly Music
9,Planet P Project
10,Clp
11,JennyAnyKind
12,Wayne Watson
13,Andy Andy
14,Bob Azzam
15,Lionel Richie
16,Blue Rodeo
17,Richard Souther
18,Faiz Ali Faiz
19,Tesla
20,lextrical
21,Jimmy Wakely
22,Alice Stuart
23,Elena
24,The Dillinger Escape Plan
25,SUE THOMPSON
26,Five Bolt Main
27,Tim Wilson
28,Willie Bobo
29,Faye Adams
30,Terry Callier
31,John Wesley
32,The Shangri-Las
33,Billie Jo Spears
34,Mike Jones (Featuring CJ_ Mello & Lil' Bran)
35,Sierra Maestra
36,Butthole Surfers
37,Despina Vandi
38,Javier Navarrete
39,Jacob Young
40,Scarlet's Remains
41,The Suicide Machines
43,Roberto Torres
44,Loudon Wainwright III
45,R.L. Burnside
46,Stevie Ray Vaughan
47,John Hammond
48,Casiotone For The Painfully Alone
49,Ec8or
50,The New York Dolls
51,Eliane Elias
52,Lost Boyz
53,The Germs
54,Yamandu Costa
55,Chris Rea
56,Perrey And Kingsley
57,Eurythmics
58,Francis Dunnery
59,John Cale
61,Vickie Winans
62,The Berzerker
63,Kings Of Leon
65,Taras
66,NOFX
67,Murskahumppa
68,Soda Stereo
69,Bruce Rowland
70,Xcultures
71,White Heart
72,Heavy D / McGruff
73,Van Halen
75,Nine Inch Nails
76,Nick Cave & The Bad Seeds
77,Nadine Renee
78,Lesley Gore
79,Smartbomb
80,Suburbs
81,Emperor
82,Julien Clerc
83,Glen Campbell
84,T.G. Sheppard
85,Slim Whitman
86,Savage Garden
87,Queens Of The Stone Age
88,Hank Penny & The Lincoln Penny Orchestra
89,Inspiral Carpets
90,Borialis
91,The Dirty Skirts
92,Flor Silvestre
93,Bézu
94,Redman
95,Solistiyhtye Suomi
96,Eddie Cantor
98,Kai Winding
99,Sonny Simmons
100,Mira
101,Citizen Kaned
102,The Brooklyn Tabernacle Choir
103,Ellen McIlwaine
104,Vince Guaraldi / Bola Sete
106,Carl Cox Vs Yousef
107,Organized Konfusion
108,Martina McBride
109,Horace Andy
110,Nazz
111,Tyrone Davis
112,Hot Tuna
113,Richard Burton
114,Rory Block
115,Boyz II Men
116,Howard Armstrong
117,Donny Hathaway
118,Miguel Gallardo
119,Les Ogres De Barback
120,DJ X-Change featuring DJ Joey A
121,Morel
122,Tony Joe White
123,Wolfmother
124,The Roches
125,Bob Margolin
126,Thomas Battenstein
127,Jupiter Rising
128,Dharma Bums
129,Saafir
130,The Verve Pipe
131,Bob Neuwirth
132,Marvin Sapp
133,James Hunter
134,Nelson Ned
136,Cama
137,Maxi Priest
138,Porcupine Tree
139,Ragheb Alama
140,Foo Fighters
141,Shakira Featuring Wyclef Jean
143,Robben Ford
144,Brazilian Tropical Orchestra
145,Gil Semedo
146,Xmilk
147,Dolce; Oscar G.
148,Britt Nicole
149,Toni Braxton Featuring Shaggy
150,Perrey And Kingsley
151,Sven Tasnadi
152,Eddie
153,Enthroned
154,Milan Band
155,Johnny Osbourne
156,Dolly Parton
157,Rance Allen Group
158,Pearl Jam
159,Natalie Cole
160,Mastodon
161,Kiril Valeri
162,Word
163,DJ Quik
164,Hank Locklin
165,BT
166,2-4 Grooves feat. Reki D.
168,Descendents
169,L.A. Guns
170,Bare Jr.
171,Shelley Fabares
172,Norrie Paramor
173,Gary Hobbs
174,Diesel Boy
176,Cradle Of Filth
177,Jim Chappell
178,Ladybug
179,Bandido
180,Brixx
181,Susana Seivane
182,Leland Martin
183,Test Icicles
184,Heaven 17
186,Mance Lipscomb
188,Flávio José
189,Moss
190,Pery Ribeiro
191,Soular
192,Dimmu Borgir
193,Public Image Ltd
194,Gary Moore
195,Pascal Sangla
196,The B-52's
197,Dakis
198,Sex Pistols
199,Chris Brown
200,Deekline & Wizard
202,Hem
203,Lily Allen
204,Pentangle
205,DJ Dips
206,Ana Bekuta
207,Jason Miles
208,Busdriver
209,Byther Smith
210,Bebo & Cigala
211,Bizarre Inc
212,Bongzilla
213,The Gone Jackals
214,The Willis Brothers
215,Laurindo Almeida / Carlos Barbosa-Lima / Charlie Byrd
216,S.U.P
217,Boogie Pimps
218,Brian Keane
219,Aberdeen
220,The Killers
221,Gloriana
222,Butterfly Temple
223,Grant Geissman
224,20/20
225,José Augusto
226,Orbital
227,Bone Thugs-N-Harmony / Akon
228,Moonsorrow
229,N.W.A.
230,Rage Against The Machine
231,Jazz Gillum
232,Rise Against
233,Ultraviolence
234,Korn
235,Sir Neville Marriner
236,Agnes
237,James Horner
238,Tantric
239,The Irish Tenors
240,U2
241,Little Joe
242,Blind Blake & The Royal Victoria Hotel Calypsos
243,Percy Faith
244,Extreme
245,Alexandre Desplat
246,Prozak
247,Jerry Butler
248,Yvette Horner
249,Delta 9
250,Placebo
251,Tam Tam Go!
252,Gertrudis
253,Warrior King
254,LORE
255,Soul Asylum
256,Carl Doy with NZSO
257,The Nightraver & The Magican
258,Rah Digga (Featuring Outsidaz)
259,RUN-DMC
260,Bert Kaempfert And His Orchestra
261,Lady May
262,Nightwish
263,Frank Chacksfield
264,Cesar Camargo Mariano/Helio Delmiro
265,Buzzhorn
266,!!!
267,The Secret Life of Teenage Girls
268,The Notorious B.I.G.
269,Led Zeppelin
270,Sandi Thom
271,Carl Belew
272,The Field Mice
273,Billy Higgins_ Bob Berg_ Cedar Walton_ Tony Dumas
274,Catherine Howe
275,Malkit Singh
276,Rodney O & Joe Cooley
277,Dean Martin
278,Strata
279,James Darren
280,Till West & DJ Delicious
281,Carlos Nuñez
282,Igor Stravinsky
283,Gene Clark
284,Maysa
285,The Shirelles
287,JDS
288,Panic At The Disco
289,Jan Howard
290,Abraham Laboriel
291,Michèle Arnaud
292,Sticky Fingaz
293,Dame Joan Sutherland / New Philharmonia Orchestra / Richard Bonynge
294,The Jeff Healey Band
295,Angela Dimitriou
296,Danny Wilson
297,Lionel Rogg
298,Java
299,SWAMI featuring Asuivre
300,The Black Velvet Band
301,Lisa Lynne
302,Pe'z
303,Shawn Colvin
304,Stephy Tang
305,Backstreet Boys
306,Tiny Tim
307,Kenny G featuring Daryl Hall
308,Christos Dantis
309,David Martin
310,John Davis
311,Trafik
313,Eddie Calvert
314,Glad
315,Steel Rain
316,Los Manolos
317,Bombay Rockers
318,Jinx
319,Chase & Status
320,Tom Petty
321,Montserrat Caballé;Placido Domingo;Vicente Sardinero;Judith Blegen;Sherrill Milnes;Georg Solti
322,Pucho & His Latin Soul Brothers
323,Soul Mekanik
324,Mitch Ryder
325,Blingtones
326,Luna Orbit Project
327,Danilo Perez
328,Line Renaud
329,King Curtis
330,Sophie B. Hawkins
331,Lupe Fiasco
332,Wilks
333,Marc Shaiman
334,40 Grit
335,Gwen Stefani
336,Steve Morse
337,Bitter End
338,Ethel Merman
339,Leon Russell & New Grass Revival
340,Story Of The Year
341,Natural Elements
342,Neil Sedaka
343,Maurice Larcange
344,A Static Lullaby
345,Coph Nia
346,Tabu feat. Mitzib
347,Nights Like These
348,Oasis
349,Stew
350,Jauida
351,Eddy Arnold
352,All Time Low
354,Richard Galliano
355,Regina Belle
356,Debbie Davies
357,STEVE CAMP
358,Jay Tee & Baby Bash
359,The Stolen Minks
360,Daath
361,Extasick
362,UFO
363,Avril - Remix By Ana Rago
364,Pat Travers
365,SNOWPATROL
366,Die Fantastischen Vier
367,Jeanie Lambe & The Danny Moss Quartet
368,Yung Joc
370,Orquesta Aragón
371,State of Chaos
372,Dropkick Murphys
373,Taint
374,VHS Or Beta
376,True Believers
377,Les Hurlements D'leo
378,Charanga Forever
379,Zuzu Bollin
380,Bullet For My Valentine
381,The Hit Factory
382,Terry Snyder
383,Marcus Miller
384,Beatnuts
385,Ayo
386,Kid Sister
387,Mons Leidvin Takle
388,Sizzla
389,Helen Love
390,David Mingyue Liang
391,Pursuit Of Happiness
392,Bobby Hutcherson
393,Gregory Isaacs
394,The Pharcyde
395,Azis
396,Amy Winehouse
397,George Lopez
398,Les Hou-Lops
399,The Cosmosamatics
400,Jackie Edwards
401,Michael Card
402,Ensiferum
403,Leila Chicot
404,Erkki Junkkarinen
405,Scar Symmetry
406,Oztara
407,Sonia Dersion
408,Christina Aguilera
409,Headhunter
410,Eighteen Visions
411,Baby Huey & The Baby Sitters
412,Elmore James
413,Rising Lion
414,George Harrison
415,Weezer
416,Boots Randolph
417,Jackson United
418,Bobbie Gentry
419,Creedence Clearwater Revived
420,The Johnny Otis Orchestra
421,B.A.D.
422,Luar Na Lubre
423,Circular
424,Fruko Y Sus Tesos
425,The Bucketheads
426,The Police
427,Kinky
428,The Real Kids
429,Eddie Boyd
430,Tha Chamba
431,Jack Orsen & Taktlo$$
432,Olov Johansson_ Catriona Mckay
433,Shriekback
434,Hatebreed
435,John Frizzell
436,Sister Hazel
437,J.J. Cale
438,Precious Bryant
439,Selena
440,Brooke Valentine
441,Krystof
442,Claire Hamill
443,Los Originales De San Juan
444,Black Flag
445,Barbarito Diez
446,Aaron Watson
447,Mary Black
448,Satan's Host
449,The Impressions
450,Owl City
451,Bobby Bland
452,Headliners
453,Jane Winther
454,The Rascals
455,Emilia
456,Cómplices
457,Emilio
458,Nana Caymmi
459,Kasia Stankiewicz
460,Turisas
461,Chéco Feliciano And Joe King
462,Cache Cache
463,David Hudson
464,David Summers
465,Rummage
466,Adr Lavey
467,Bill Boyd's Cowboy Ramblers
468,Canis Dirus
469,Justin
470,La Portuaria
471,Antonis Remos
473,Stars Like Fleas
474,Gaetano Donizetti
475,Little Freddie King
476,Ms. Dynamite
477,Andy Russell
478,Blink-182
479,Kali
480,John Brown
481,Abysmal Dawn
482,Chaotica
483,Lara & The Gumbo Lickers
484,Elvin Bishop
485,Gordon Jenkins
486,1. Futurologischer Congress
487,Asleep At The Wheel
488,Neil Innes
489,Siouxsie
490,Alan Silvestri
491,Sunnyland Slim
492,Dusminguet
493,Rudolph Valentino
494,Sylvia Patricia
495,Zeromancer
496,Two Man Advantage
497,Green Day
498,Chico
499,KALIMBA
500,SKOLD vs. KMFDM
501,Architecture In Helsinki
502,Wailing Souls
503,Kitaro
504,Alice In Chains
505,Bobby Darin
506,Ini Kamoze
507,9th Wonder featuring Defcon_ Phonte
508,Ill Nino
509,De La Ghetto
510,Baroness
511,DMX / Eve / Jadakiss
512,Melt Banana
513,M.I.K.E.
514,Willie Rosario
515,Jude Taylor & His Burning Flames
516,Metallica
517,Sui Generis
518,The Red Telephone
519,T-Bone
520,Bill Douglas
521,DJ Spinn featuring Traxman
522,The Radio Dept.
523,Mötley Crüe
524,Shy FX & T Power
525,Becky Baeling
526,Keb' Mo'
527,UKW
528,THE CHIFFONS
529,S. Solis y Orquesta
530,Commander Cody And His Lost Planet Airmen
531,Commissioned
532,Dee Clark
533,Cauterize
534,Laurie Berkner
535,DJ Slugo
536,Joi
537,Simon & Garfunkel
539,Greater Vision
540,Anti-Flag
541,Joe Lynn Turner
542,Rickie Lee Jones
543,Hysterie
544,Aesop Rock
545,Bobby Vee
546,Alfredo Gutiérrez
547,Shelby Lynne
548,Tora Tora
549,Franz Ferdinand
550,Hot Chip
551,Gal Costa
552,Kathy Mattea
553,James Taylor
554,Der Moderne Man
555,Jeff Beck
556,Taboo
557,BigElf
558,Tanto Metro & Devonte
559,Ray Kane
560,Ashes to Ashes
561,Kelly Clarkson
562,Fudge Tunnel
563,Edgar Bori
564,Jimmy Witherspoon
565,Dave Eggar
566,Donnie Brooks
567,2raumwohnung
568,SOJA
569,Dinosaur Jr.
570,Ulytau
571,The Nelons
572,The Exies
573,Babylon Disco
574,Kaija Koo
575,Gus Viseur
576,Dino
578,Zimbabwe Legit
579,Spinal Tap
580,Buzzcocks
581,Stanley Clarke
582,Hemdale
583,Jesse Malin and The St. Marks Social
584,3 Doors Down
585,Ma Rainey
586,Zombie Girl
587,Daniel Johnston
588,Niraj Chag
589,João Gilberto
590,Los Chichos
591,Christian McBride
592,Jim Kweskin
593,Utopia
594,Foxy Brown
595,Muse
596,String Trio Of New York
597,Ramón Vargas;Vladimir Jurowski
598,Portable
599,Lili Ivanova
600,Furry Lewis
601,Bröderna Djup
602,Jo-El Sonnier
603,Naughty By Nature;Naughty By Nature featuring Zhane
604,Vanessa Bell Armstrong
605,Radiohead
606,Dave Hollister
607,Seamus Egan
608,Arthur Tracy
609,C.C. Adcock
610,Las Ketchup
611,C-Side & Petit Mal
612,Don Gibson
613,Jewel
614,John Legend [feat. Buju Banton]
615,Izzy
616,Bury Your Dead
617,Our Time Down Here
618,Pee Wee King
619,Acorps de Rue
620,Les Blaireaux
621,Bersuit Vergarabat
622,G-Unit
623,Saosin
624,John Williams
625,Pardesi
626,Baby Grand
627,DJ Ostkurve
628,Roy Rogers
629,Reni
630,Steve Riley & The Mamou Playboys
631,Falco
632,New Roanoke Jug Band
633,Warren Barfield
634,Dilated Peoples
635,Orquesta Broadway
636,Fever Ray
637,Charles Williams
638,Bob Wills
639,The Animals_ Sonny Boy Williamson
640,MN
641,T-Bone Walker
642,Walter Jackson
643,Megadrums
644,Tim Exile
645,Alex Theory
646,Bizzy Bone Presents
647,Marcel Mouloudji
648,Jerry Reed
649,Cinder
650,Speedball
651,Johnny Cash
652,Rui Da Silva
653,Autumnblaze
654,Sister Rosetta Tharpe
655,Hatesex
656,Kris Kristofferson
657,Maurane / Lara Fabian
658,Rita Chiarelli
659,Kiprich
660,Pepe Kalle
661,Jaime Urrutia
662,David Tao
663,Goatwhore
664,Superchumbo
665,We Show Up On Radar
666,Gabinete Caligari
667,SUMO
668,The Clark Sisters
669,Basic Channel
670,Tammy Wynette
671,Whitesnake
672,Chet Atkins
673,Eddie Cano
674,Terry Riley
675,Mack and Jamie
676,Trivium
677,Der Plan
678,Reel Big Fish
679,Dylan Kuo
680,Martin Sexton
681,John Mayall & The Bluesbreakers
682,Luiz Bonfa
683,Chris Standring
684,Angélla Christie
685,Neviss
686,Red Hot Chili Peppers
687,Chango Spasiuk
688,Charley Patton
689,The Race
690,Yahir
691,Gordon MacRae
692,The Winans
693,Mario Rosenstock
694,Jerry Goldsmith
695,Winston Reedy
696,Pablo Montero
697,Papa Wemba
698,Pride Tiger
699,Ten Years After
700,Sweet
702,Tomorrow
703,Ty Herndon;Stephanie Bentley
704,Gary Morris
705,Chimaira
706,Cali
707,Silvério Pessoa
708,X-Static
709,Deborah Allen
710,The Master Musicians of Jajouka featuring Bachir Attar
711,John Holt
712,The Prodigy
713,Tina Britt
714,Sonny Terry & Brownie McGhee
715,MxPx
716,Fort Minor (Featuring Mr. Hahn)
717,Dean Elliott And His Big Band
718,Enslavement Of Beauty
720,C.J. Chenier
721,Mercedes Castro
723,Pinchers
724,Trick Trick / Eminem
725,Michael Jackson
726,Franco
728,Dora The Explorer
729,Theodis Ealey
730,Janet Paschal
731,Everyday Sunday
732,Peggy Zina
733,Souls Of Mischief
734,Hacken Lee
735,Bad Brains
736,Raze
737,The Presets
738,Steve Wilson
739,Jennifer Lopez
740,A.Z.
741,Francisco Céspedes
742,Quadro Nuevo
743,Chris Farlowe
744,The Charms
745,Matisyahu
746,Béla Fleck
747,Jongo Trio
748,Javier Mendoza Band
749,Sapo
750,Eddie Money
751,Cracker
752,Sade
753,Photo Atlas
754,Kenny Price
755,Elliot Goldenthal
756,Delroy Wilson
757,Arkona
758,Behemoth
759,Andre Popp
760,Soilwork
761,Cândido
762,Shaggy
763,The Rapture
764,Nicole C. Mullen
765,Los Van Van
766,Outerspace
768,Les Sexareenos
769,The Creation
770,The Balustrade Ensemble
771,Ultimate Fakebook
772,Astarte
773,Elakelaiset
774,Prisma
775,Anubis Spire
776,Beaver Harris
777,Darwin Hobbs
778,Jerry Yan
779,Tommy James & The Shondells
780,Los Iracundos
781,Hevia
782,Checkers
783,Babbie Mason
784,The Grease Band
785,Bally Sagoo
786,Champion Jack Dupree
787,Z.Z. Hill
788,Benabar
789,John Michael Talbot
790,Britney Spears
791,Skeletonwitch
792,Charlie Cruz
793,Kix
794,Indigenous
795,Los Abuelos De La Nada
796,Slightly Stoopid
797,Maximilian Hecker
798,Leroy Hutson
800,Laid Back
801,Willie Clayton
802,Novaspace
803,Tom Barabas
804,Finntroll
805,Carlos Ponce
806,Colin James
807,Marlene Dietrich
808,Ziggy Marley And The Melody Makers
809,John Mayer
810,Frederik
811,Emeneya
812,Dropline
813,Cancer Bats
814,Biddu
815,Uman
816,Lara & Reyes
817,Miriam Yeung
818,Sophie Tucker
819,Pyranja
820,Conway Twitty
821,Agency 1.9.9.4
822,Blackalicious
823,Wyclef Jean featuring Butch Cassidy and Sharissa
824,Ben Watt feat. Estelle
825,Aurélien Merle
826,Far Too Jones
827,Jenney
830,King Diamond
831,Shamen
832,Mighty Diamonds
833,Atomic Rooster
834,Lincoln Center Jazz Orchestra
835,Ray Boltz & Steve Millikan
836,Simple Minds
837,J. B. Lenoir
839,Rihanna
840,Fuzz
841,Dokken
842,Ionics
843,Top Of The Poppers
844,Paulette Tajah
845,Republica;Jonny Male;Dave Arch
846,Guns N' Roses
847,Fat Joe
848,Skrape
849,Curt Bois
850,Céline Dion
851,Silverchair
852,Rancid
853,Brian Auger's Oblivion Express
854,Primordial
855,Chelsea
856,Rainer Bielfeldt
857,Ann Hampton Callaway
858,Mando Diao
859,Donnie McClurkin
860,NewFound Road
861,Vilma Palma e Vampiros
862,Ray Conniff
863,Madilu System
864,Set Your Goals
865,The High Strung
866,Nic Endo
867,Kim Wilson
868,Suicidal Tendencies
869,Bill & Gloria Gaither
870,Jennifer Brown
871,Jean Lumière
872,Elephant Man
873,Alain Souchon
874,Pepper
875,FIR
876,Eric Champion
877,Zeltinger Band
878,Bebe Winans
879,Penguin Café Orchestra
880,Colombiafrica - The Mystic Orchestra
881,The Kitchen
882,Statues
883,Jonny Lang
884,Cam'Ron / JR Writer
885,Novembre
886,X-Raided
887,Cornell Campbell
888,Donna The Buffalo
889,ÄI-TIEM
890,Little Feat
891,Mikey Dread
892,Alberto Cortez
893,Conjunto Mar Azul
894,Death From Above 1979
895,Eyehategod
896,Mal De Ojo
897,Edmundo Ros
898,The Antlers
899,Jimmy Riley
900,Marilyn Horne / Wiener Opernorchester / Henry Lewis
901,Jason Mraz
902,Pyrolator
903,James Scott Skinner
904,Grupo Batuque
905,Sugar Minott
906,Mudhoney
907,Out Of The Grey
908,OV7
909,Open Hand
910,X-ecutioners
911,Juice Leskinen
912,Pumpkin Buzzard
913,Rishi Rich
914,Kanye West
915,The Katies
916,Los Hispanos
917,Paul Brown
918,Lloyd Banks
919,Terror Fabulous
920,Eddie Henderson
921,Kartik Seshadri
922,Modeselektor
923,Charlie Rich
924,Bad Religion
925,Saarbrücken Radio Symphony Orchestra
926,Jackie Davis
927,Less Than Jake
928,Mobb Deep
929,Irwin Goodman
930,Pedro Aznar
931,Marty Robbins
932,Gang Starr Featuring Jeru The Damaja And Lil Dap
933,Lenn Hammond
934,Cool For August
935,Monster Magnet
936,Nirvana
937,Unison
938,Hatiras & Slarta John
939,Randy Travis
940,fIREHOSE
941,Alternative TV
942,Mike Bloomfield
943,Francky Vincent
944,The Black Crowes
945,Mat Kearney
946,Conjunto Clasico
947,Julie Roberts
948,Lily Holbrook
949,Georges Delerue
950,Ronnie Milsap
951,Irma Thomas
952,O'2L
953,The Cardigans
954,B.B. King
955,Zen Lemonade
956,R. Kelly & Jay Z
957,Jan Wayne
958,Jimmy Cliff
959,The Forms
960,Connie Francis
961,Larry The Cable Guy
962,The Kirkbys
963,Arc Angels
965,Andy Griffith
967,"Myrick ""Freeze"" Guillory"
969,Billy Bragg & Wilco
970,Götterdämmerung
971,Mil
972,The Twinkle Brothers
973,Tum Tum
974,Mr Dubz
975,Die Bandbreite
976,Andre Verchuren
977,Marco Beltrami
978,Erik Hassle
979,An Cafe
980,Galactic
981,Michael Bloomfield
982,Soul Embraced
983,At All Cost
984,William Coulter
986,Barrabas
987,Malcolm McLaren
988,Birmingham Jubilee Singers
989,Capleton
990,Steve Erquiaga
991,Avril Lavigne
992,Mickey And The Students
993,Bumblefoot
994,The Moody Blues
995,Frankie Randall
996,Arturo Sandoval
997,Tommy Overstreet
998,Coven
999,Kzss & Atma
1000,Professor Longhair
1001,Stelios Dionisiou
1002,J.C. Lodge
1003,Hubert Kah
1004,M
1005,Piero Umiliani
1006,Tabu Ley Rochereau
1007,Dead Prez
1008,Sergio Mendes / Black Eyed Peas
1009,Janice Vidal
1010,El Gran Silencio
1011,Les Bantous De La Capitale
1012,Sivuca
1013,Luis Alberto Spinetta
1014,Blind Boy Fuller
1015,Paula Santoro
1016,Sunscreem
1017,Louis Prima And Keely Smith
1018,Robert Lockwood_ Jr.
1019,Jeremy Spencer
1020,The Velvet Underground
1021,Kingston Trio
1022,D' Militante
1023,Michelle & Vickie
1024,Pamelo Mounk'a
1025,Los Fernandos
1026,Kool Savas
1027,Rainie Yang
1028,Little Eva
1029,New Order
1030,Damone
1031,Joe Turner
1032,DeGarmo & Key
1033,David Bowie
1034,Klaus Badelt
1035,Charlotte Gainsbourg
1036,Aerosmith
1037,Enter the Haggis
1038,Mac McAnally
1039,T.O.K.
1040,Leo Gandelman
1042,Francis Lai
1043,Herbst9_ Z'ev
1046,Sam Butera & The Witnesses
1047,Lee Ritenour / Jeff Mironov
1048,Helmet
1049,Dine et Déon
1050,Martin Denny
1051,DJ Nasty
1052,Santana
1053,Ray Sandoval
1054,Amalia Avgoustaki
1055,Shaman
1056,K-OS
1058,Elva Hsiao
1059,Delbert McClinton
1060,Gloria De Haven
1061,Rhian Benson
1062,Bessie Smith
1063,MC5
1064,Tommy Torres
1065,Les Malpolis
1066,Washboard Sam
1067,Shirley Caesar
1068,Fun Lovin' Criminals
1069,Los Chunguitos
1070,OutKast
1071,Warrant
1072,IYOV
1073,Otis Taylor
1074,Laron aka Swan featuring Alexander East
1076,Righteous Brothers
1077,Five Fingers of Funk
1078,Michael Whalen
1079,Tonic
1080,The Grip Weeds
1081,Andy & Lucas
1082,Móveis Coloniais de Acaju
1083,John D. Loudermilk
1084,Jay Pérez
1085,Kenny Rogers
1086,Wednesday 13's Frankenstein Drag Queens From Planet 13
1087,Dub Pistols feat. Lindy Layton & Rodney P
1088,Darwin's Waiting Room
1089,André Minvielle
1090,Hassan Annouri feat. Cassandra Steen
1091,Gaiteros de Pillopo
1092,Paul Taylor / Terry Dexter
1093,Andreas Dorau
1094,Bukue One
1095,Hiram Bullock
1096,Serpentine
1097,Thomas Dolby
1098,Barbara Lusch
1099,Raphaël
1100,Martha Wainwright
1101,Boondox
1103,Michael McDonald
1104,Free
1105,Leo Ku
1106,The Pineapple Thief
1107,Buddy Jewell
1108,Demonbreed
1109,Joe Heaney
1110,Cerati-Melero
1111,Remmy Ongala
1112,The Last
1113,House Of Lords
1114,Helen O'Connell
1115,The Sun Harbor's Chorus-Documentary Recordings
1116,DCS
1117,Kraftwerk
1118,Singing Melody
1119,FFH
1120,Bill & Gloria Gaither
1121,Willie Clancy
1122,Chris Clark
1123,GWAR
1124,Gran Coquivacoa
1125,Sick Puppies
1126,Gary Nichols
1127,James Newton Howard
1128,Ray Charles
1129,Geggy Tah
1130,Los Fabulosos Cadillacs
1131,Loretta Lynn
1132,Joe Rogan
1133,Mista
1134,Unearth
1135,Bob Marley
1136,Brian Free & Assurance
1137,Dream Warriors
1138,The In Crowd / Jah Stitch
1139,The Fray
1140,Groucho Marx
1141,Alceu Valença
1142,Skeeter Davis
1143,Tito Puente
1144,Memphis La Blusera
1145,One Block Radius
1146,Various Indian Tribes
1147,Timo Maas
1148,Anat Ben David
1150,Bob Carlisle
1151,The Michael Stanley Band
1152,Mariano Yanani
1153,Rikk Agnew
1154,Eminem
1155,Barry Manilow
1156,Carlos Baute
1157,Marga Gomez
1158,Dexys Midnight Runners
1159,Jean-Jacques Goldman
1160,Etienne de Crécy 
1161,T-la Rock
1162,Kent
1163,Silent Stream Of Godless Elegy
1164,Stiff Meat
1165,Asterisk*
1166,Jimi Hendrix
1167,Dr. Elmo
1168,Tommy Castro
1169,Panzer AG
1170,Gus Cannon
1171,Suicide
1172,William Orbit
1173,Point Of Grace
1174,Jack Johnson
1175,Max Melvin
1176,Plagia
1177,Hollywood Bowl Orchestra / John Mauceri
1179,Blue October
1180,X
1181,Intars Busulis
1182,Broadcast
1183,Fiona
1184,Carl Crack
1185,France D'Amour
1187,Teena Marie
1188,Mindless Self Indulgence
1189,Mandi
1190,The Color Red
1191,Jim Bryson
1192,Irreversíveis
1193,Information Society
1194,Marcie Blane
1195,Curtis Mayfield
1196,PMD
1197,Alain Morisod
1198,Tom Cochrane
1199,Gold City
1200,Roy Drusky
1201,SAF
1202,Gym Class Heroes
1203,Jape Squad
1204,Frankee
1205,Williamson
1206,Operator
1207,The Stooges
1208,Dntel
1209,David Meece
1210,Harvey Averne
1211,Tyrone Taylor
1212,Shanadoo
1213,Erik Berglund
1214,Günter Noris
1215,Moonspell
1216,Chico Hamilton
1217,Andréa
1218,Azukx
1219,Steve Azar
1220,Kenny Neal
1221,Ghorwane
1222,Nichols
1223,Ennio Morricone
1224,Vaselines
1226,Catia Werneck
1227,Off Broadway
1228,Hélio Ziskind
1229,Memphis Minnie
1230,Steel Pulse
1232,Caspa
1233,Pacha Massive
1234,Kardinal Offishall / Keri Hilson
1235,THE COOKIES
1236,Peppermint Creeps
1237,M Sane
1238,Oesch's die Dritten
1239,Vanessa Daou
1240,Dark Fortress
1241,Gloria
1242,Wilshire
1243,Legacy Five
1244,Seal
1245,Nickelback
1246,Angélica María
1248,The Ocean
1249,Los Solitarios
1250,Glen Washington
1251,Josh Groban
1252,Josh White
1253,The Paynes
1254,Bacilos
1255,4Him
1256,Scalplock
1257,Juggler
1258,Cursed
1259,The Fever
1260,KRS-One
1261,Carlos Vives
1262,Tito Rodriguez_ Louie Ramirez
1263,Margaret Smith
1264,John Tchicai
1265,Toots Thielemans
1266,Tad
1267,The Frequency
1268,Giorgos Tsalikis
1269,MDO
1270,Leigh Jones
1271,Between The Buried And Me
1272,Tania Maria
1273,Massiel
1274,Micachu
1275,Static-X
1276,Paso Doble
1277,Webb Wilder
1278,Gruppo Jazz Marca
1279,Atman
1280,Shakedown
1281,Parachute Band
1282,Leonid Rudenko
1283,Wilmington Chester Mass Choir
1284,Stewart Francke
1285,James Last
1286,5th Ward Boyz
1287,Bill Perkins
1288,Spliff
1289,Bert Kaempfert And His Orchestra
1290,Rachel Portman
1291,Miossec
1292,Memphis Sheiks
1293,Atari Teenage Riot
1294,My Chemical Romance
1295,Sleepy John Estes
1296,The Mad Capsule Markets
1297,Roger Williams
1298,Alice Cooper
1299,Aiden
1300,Cal Tjader
1301,Zaïko Langa Langa
1302,Rebecca Lynn Howard
1303,Dive
1304,Brand X
1305,Virtuoso
1306,Karen Peck And New River
1307,Judy Mowatt
1308,Paul Rodgers
1309,David Cook
1310,Knack
1311,Mulberry Lane
1312,Liars
1313,Naseebo Lal_ Arif Lohar
1314,DJ Taz
1315,Gabriel Yared
1316,Starless & Bible Black
1317,Gustavo A. Santaolalla
1318,Widespread Bloodshed
1319,Smut Peddlers
1320,Afrob feat. Sarah
1321,Shinehead
1322,Milo
1323,Zeca Baleiro
1324,Ol' Dirty Bastard
1325,The Lord Weird Slough Feg
1326,Six Brown Brothers
1327,Mario Garcia
1328,Eddie Jones
1329,Audio Adrenaline
1330,Zuma
1331,Nick Conolly
1332,Rupa & the April Fishes
1333,Vitamin C
1334,Freddie King
1335,Amoral
1336,Steve Vai
1337,K's Choice
1338,The Fabulous Thunderbirds
1339,Wang Chung
1340,Tex Williams
1341,Faithless
1342,Jo Privat
1343,Marion Harris
1344,Ice Cube
1345,Rick Astley
1346,US Coast Guard Band
1347,Lollipop Lust Kill
1348,Georges Brassens
1349,Chariots
1350,Apache Indian
1351,J. Karjalainen & Mustat Lasit
1352,Kari Tapio
1353,Mink DeVille
1354,Steve Chou
1355,Cantara
1356,Mongo Santamaria
1357,Vincenzo Bellini
1358,Christian Quast
1359,Evolution
1360,Theodor Zox
1361,Mix Mob
1362,Erja Lyytinen
1363,Cake
1365,Goldfinger
1366,The Embarrassment
1367,Tiny Bradshaw
1368,Latif
1369,Otis Spann
1370,Matteo Bonfanti e i maledetti
1371,Beyoncé
1372,A Perfect Murder
1373,Solomon
1374,Curtis
1375,Toby Emerson
1376,Deep Forest
1377,Tampa Red
1378,Every Time I Die
1379,Lifer
1380,The Dee Jays
1381,Diamond D
1382,Corona
1383,The White Stripes
1384,2Fresh
1385,Ndala Kasheba
1386,Joe McBride
1387,Lady Saw
1388,The Stranglers
1389,Hot Club Of Detroit
1390,Funeral For A Friend
1391,Lyrics Born
1393,Tulipunaruusut
1395,Babe Ruth
1396,Joe Satriani
1397,Charlie Haden & Chris Anderson
1398,Rokia Traoré
1399,Speaker
1400,Christos Kedras
1402,Restless Heart
1403,David Evans
1404,Will Pan
1405,Uriah Heep
1406,Stress Assassin
1407,Margaret Becker
1408,Abracadabra
1409,Orchids
1410,Juan Carlos Baglietto
1411,Sugarbomb
1412,Bounty Killer
1413,Mago de Oz
1414,Quinteto Violado
1415,Dead To Me
1416,Paloalto
1418,Mykill Miers
1419,Jarvis Church
1420,Damita Jo
1421,Ministère des Affaires Populaires
1422,Alain Turban
1423,2 Minutos
1424,April Wine
1425,Estrellas Cubanas
1426,Al Denson
1427,The Chap
1428,Máire Brennan
1429,Twista
1430,Dictators
1431,The Accursed
1432,Eddy Raven
1433,Fabolous
1434,Sulk
1435,Ben E. King
1436,Sergio Franchi
1437,The London Pops Orchestra
1438,Edwin Hawkins
1439,Lonnie Johnson
1440,F.l.y.
1441,Orbit
1442,Bob Dylan
1443,Orlando Pops Orchestra
1444,Geiom Ft. Marita
1445,Rhian Sheehan
1446,David Saylor
1447,Roy Brown
1448,Mest
1449,Cumberland Quartet
1450,Five Blind Boys of Alabama
1453,Arco Iris
1454,Shania Twain
1455,Les Rythmes Digitales/ Tzant Feat. ODC MC
1456,Akon
1457,Since The Flood
1458,Yank Rachell
1459,La Mancha De Rolando
1460,Larry Graham & Graham Central Station
1461,Johnny Pacheco/Rolando La Serie
1462,Barley Bree
1463,Carl Smith
1464,Storyville
1465,Tony Martin
1466,Jah Cure
1467,James Carter
1468,Mithotyn
1469,Beres Hammond
1470,UK Subs
1471,Embrace the End
1472,Steve Green
1473,Marc Perrone
1474,Leonardo Favio
1475,Patrick Bruel
1476,Julie Zenatti
1477,Los Tres Diamantes
1478,Small Facers
1479,Michael Landau
1480,Jack Sheldon
1481,Handsome Boy Modeling School
1482,Major Lance
1483,Doyle Bramhall
1484,Fall Out Boy
1485,Deckard
1486,Bedwetters
1487,The Refreshments
1488,Organ Donors
1490,Charlie Byrd / Laurindo Almeida
1491,Clarisse Lavanant
1492,The Skabs
1493,Kassav'
1494,BeauSoleil
1495,Michelle Tumes
1496,Olivier Messiaen
1497,From Autumn To Ashes
1498,The Jackson Southernaires
1499,Cristy Lane
1500,Humble Pie
1501,Patton Oswalt
1502,Barrio Obrero
1503,Supertalented
1504,45 Grave
1505,Roommate
1506,Brian Tyler
1507,Brian Eno And David Byrne
1508,Edu Lobo
1509,Nestor Torres
1510,Philip Glass
1511,Stephan Micus
1512,Edmond Leung
1513,Janice Robinson
1514,The Aftermath
1515,Coldplay
1516,ZO2
1517,Ed Byrne
1518,Andrew W.K.
1519,Onyx
1520,Burning Spear
1521,Methods Of Mayhem / Scott Kirkland
1522,Bryan Ferry
1523,BLEED THE SKY
1524,Fred Locks
1525,Sasha
1526,Dolores Keane
1528,Mr. Sancho
1529,Tony Danza Tap Dance Extravaganza_ The
1530,Hurricane
1531,Adolph Hofner
1532,Charlie McCoy
1533,Cockney Rejects
1534,D.O.W.N.
1535,SOL
1536,Philip Bailey
1537,Lee Michaels
1538,Mr. Lif
1539,Felix Slatkin/Concert Arts Symphonic Band
1540,Cherrelle
1541,Petra
1542,The Paul Butterfield Blues Band
1543,Arsonists Get All The Girls
1544,Hot Wire
1545,Patrick Saint-Eloi
1546,Evergreen Terrace
1547,James Ingram
1548,Jean-Yves Thibaudet / Gewandhausorchester Leipzig / Herbert Blomstedt
1549,Crabby Appleton
1550,Dave Rave_ Mark McCarron
1551,Remi Nicole
1552,André Blot
1553,All Leather
1554,Little Milton
1555,Junior Jack
1556,Lil Boosie
1557,Candlebox
1558,Marisela
1559,The Oh Sees
1560,Kitty Kallen
1561,Autonomous Bass Heads
1562,Cowboy Mouth
1563,Jeff Talmadge
1564,Dwight Twilley
1565,Moraes Moreira
1566,Darko
1567,Plasmatics
1568,Stern
1569,Yuridia
1570,Bryan White
1571,Dirty Harry
1572,Kurt Tepperwein
1573,Gyptian
1574,Camp Lo
1575,Wonderland
1576,Toots & The Maytals
1577,Gipsy Kings
1578,Patrick Lamb
1579,Melvins
1580,Stan
1581,Los Brujos
1582,Janis Joplin
1583,Vivian
1584,Slipknot
1585,Varios
1587,Jimmy Wyble
1588,Die Symphony
1589,Charlie Peacock
1590,Paul Geremia
1591,Walter Trout
1592,Monique Marvez
1593,Dancecore Allstars
1594,Sean Kingston
1595,Blind Lemon Jefferson
1596,Mei Chi Chiang
1597,Sergio Dalma
1598,Zombina & The Skeletons
1599,The Jane Shermans
1600,Bon Jovi
1601,Dan Shen_ Gruppo Vocale Cantemus_ Ensemble Airone_ Luigi Marzola
1602,Bescenta
1603,"Dave ""Baby"" Cortez"
1604,Bloomfield
1605,John Debney
1606,Rakim
1607,Coraleena Ellis
1608,The Chieftains
1609,Count Ossie
1610,Elmer Bernstein
1611,Peter Spence
1612,Vusi Mahlasela
1613,Marimba Alma De Chiapas De Juan Palacios
1614,Jeff Wahl
1615,Kapelle Herrenweide
1616,Jamie Richards
1617,Marcelo Radulovich
1619,Sonic Subjunkies
1620,Lizzy Borden
1621,John Stevens
1622,Eddie Turner
1623,Pretty Boy Floyd
1624,Chris Rodriguez
1626,Jack Off Jill
1627,NAZCA PERU
1628,Sheila Walsh
1629,John Hiatt
1630,Kool Moe Dee
1631,Desert Dwellers
1632,D.A.D.
1633,The Merry Macs
1634,Pinch feat. Rudey Lee
1635,The Tragically Hip
1636,Scott Krippayne
1637,Flowin Immo et Les Freaqz
1638,Bebo Norman
1639,Photek
1640,Isabel Pantoja
1641,Orquesta Sublime
1642,Juanes
1643,Bobby Pulido
1644,Alex Fong
1645,Isaacs
1646,Mike And The Mechanics
1647,In Extremo
1648,Who Made Who
1649,Don Francisco
1650,Mavado
1651,Doug Sahm Tex Mex Trip
1652,Hanoi Rocks
1653,Nicola Fasano feat. Paula B.
1654,Staatskapelle Dresden/Herbert Blomstedt
1655,Ocho y Media
1656,Bill & Gloria Gaither
1657,Danny Elfman
1658,Frank Ifield
1659,Clara Nunes
1660,Fyah Blaze
1661,Gonzalo Rubalcaba
1662,Minipop
1663,Jeff Beck Group
1664,Katie Armiger
1665,The Del McCoury Band
1666,F4
1667,Dhamika
1668,K.T. Oslin
1669,Taste
1670,Cece Winans
1671,Joanna Connor
1673,Year Long Disaster
1674,Sam Fan Thomas
1675,Jimmy McGriff
1676,Dobet Gnahoré
1678,Smidi Beats
1679,Red I Flight
1680,Adrenaline
1681,3 Steps Ahead
1682,Cool cavemen
1683,Roni Size
1684,Sneaky Sound System
1685,Los Titanes
1686,Whitney Cummings
1687,Nando Lauria
1688,Danny Wright
1689,Ross
1690,Oak Ridge Boys
1691,Kerson
1692,Army of the Pharoahs
1693,The Beatles
1694,Streetwize
1695,Cheo Feliciano
1696,Screamin' Jay Hawkins
1697,A-Studio
1698,Bellatrax feat. Tina Cousins
1699,Forensics
1700,Bobby Capo
1701,Sandy Posey
1702,Kathleen Madigan
1703,Radney Foster
1704,A Challenge Of Honour
1705,Ed Calle
1706,Johnny Keating & All Stars
1707,Boards of Canada
1708,MU330
1710,Ron Goodwin
1711,George Nooks
1712,P.o.d
1713,Linkin Park
1714,The Roots
1715,The Flies
1716,EPMD
1717,Bruce BecVar
1718,Deborah Coleman
1719,Time Factory
1720,Los Auténticos Decadentes
1721,Deathstar
1722,Mindy McCready
1723,Bobby Russell
1724,Lisa Lisa & Cult Jam (featuring Full Force)
1725,Sugarman Three
1726,Gisele MacKenzie
1727,Faking David
1728,Eric Burdon
1729,Bukka White
1730,:Blacks On :Blondes
1731,David Gilmour Featuring Richard Wright
1732,Seven Mary Three
1733,Irini Merkouri
1734,Johnny Pearson
1735,The Jets & The Sharks & Leonard Bernstein&The New York Philharmonic Orchestra
1736,Alexis HK
1737,Tha Liks featuring King T
1738,The Family Stand
1739,Buddy Johnson
1740,Peter Tosh
1742,Onesidezero
1743,Fito Paez
1744,Wet Wet Wet
1745,Lou Reid & Carolina
1746,Chris Vickery
1747,Riviera Regime
1748,Kool Keith
1749,Lou Ann Barton
1750,Alejandro Lerner
1752,The Ghost Of Lemora
1753,Robin Frederick
1754,Y&T
1755,Rev. Timothy Wright
1756,Earl Hooker
1757,Michèle Bernard
1758,Billy Butler
1759,Usher
1760,Yodi's
1761,Shade Sheist / DJ Vice / DJ Echo / Damizza
1762,A Tribe Called Quest
1763,Cobra Killer
1764,Nicholas
1765,Tel Basta
1766,Teenage Fanclub
1767,Epidemic
1768,Deodato
1769,Kary Ng
1770,Malina
1771,Steve Smith
1772,Cedric Gervais Featuring Caroline
1773,The King Sisters & Alvino Rey
1774,Suzi Quatro
1775,Humanzi
1776,Gene Latter
1777,Billy May & His Orchestra
1778,Kurupt_ Rosco_ Jayo Felony & 40 Glocc
1779,Christie Hennessy
1780,Candy Lo
1781,Flamin' Groovies
1782,Roberto Roena
1783,Rocio Jurado
1784,Salieri
1785,Royal S
1786,Buckwheat Zydeco
1787,Charley Pride
1788,Yami Bolo
1789,Killswitch Engage
1790,Crazy Girl
1791,Memphis Jug Band
1792,Juan Farcik
1793,Saigon Kick
1794,Incubus
1795,Omni
1797,Giuseppi Logan
1798,Radio Moscow
1799,Alacranes Musical
1800,Tina Ann
1801,The Elders
1802,Stille Volk
1803,Doug MacLeod
1804,Jimmy Hughes
1805,Emotion Code
1806,L7
1807,Bill Perry
1808,Billy Price_ Fred Chapellier
1809,Corey / Shaquille O'Neal
1810,Moments In Grace
1811,Connie Smith
1812,Uphill Battle
1813,Barbara Fairchild
1814,Dave And Ansel Collins
1815,DÉSOLÉ
1816,Pascal Obispo
1817,Buddy Miles
1818,Mau Mau
1819,Cocoa Tea
1820,Claw Hammer
1821,Carlos Jimenez
1822,Kashief Lindo
1823,The Almost
1824,Alas
1826,Los Ninos De Sara
1827,The Gentle Good
1828,Tom Collier
1829,Heavenly
1830,Los Morros Del Norte
1831,Moon Mullican
1832,Yuko Kanzaki
1833,Moonface
1834,30 Seconds To Mars
1835,Grace Gale
1836,King Tee
1837,Cauda Pavonis
1838,Geddy Lee
1839,Planetakis
1840,Rick Ross
1841,The Fureys
1843,Simply Red
1844,Juana Molina
1845,Mothers Pride
1846,Byzantine
1847,Halfway to Gone
1848,Jacques Douai
1849,The Steeles
1850,Beherit
1851,Nick Colionne
1852,SNAP!
1853,Hermeto Pascoal
1854,Lauren Wood
1855,Ray Pillow
1856,Baby Bash
1857,Mariah Carey
1858,Frankie J
1859,Vangelis
1860,Maria Bamford
1861,Rubyhorse
1862,Flora Purim
1863,Elizabeth Cotten
1864,Tommy McLain
1865,David Lynch
1866,Eluveitie
1867,Dark Party
1868,Janet Jackson
1869,Albin Myers
1870,Hot Live Guys
1871,Kanda Bongo Man
1872,Múm
1873,Alex
1874,Rachael Lampa
1875,David Zinman;Pittsburgh Symphony Orchestra
1876,Sofia Karlsson
1877,Mystic Rhythms Band
1878,Epitaph
1879,Robert Palmer
1880,Sigmatropic
1881,Neon Blonde
1882,Soul Ballet
1883,Milk Inc.
1884,Mario Piu'
1885,Joy Division
1886,Bob Crosby
1887,The Frantic
1888,Ruffneck
1889,Devo
1890,The Perrys
1891,Tin Hat Trio
1892,Venice
1893,Smash Palace
1894,Dave Brockie Experience
1895,Bow Wow Wow
1896,Ashton Shepherd
1898,I Wayne
1899,Jazzy B
1900,Coffinberry
1901,Janitor Joe
1902,Young-Holt Unlimited
1903,Brent Lamb
1904,Vodka Collins
1905,Brenda Boykin
1906,Faith Yang
1907,Roger Reynolds
1908,Jim Reeves
1909,Ketty DB
1910,Gov't Mule
1911,Bad Azz
1912,Kitty Wells
1913,Defect & Quixotic
1914,Rockin' Dopsie_ Jr.
1915,She Satellites
1916,Saman
1917,AFS
1918,Tsar
1919,Dave Valentin
1920,Jimmy Burns
1921,Claire Elzière
1922,Luke Vibert
1923,Ice
1924,Spiral Stairs
1925,Lifehouse
1926,Ricardo Arjona
1927,Tyrone Wells
1928,John Sebastian
1929,Concretes
1930,Izzy Stradlin And The Ju Ju Hounds
1931,Don Campbell
1932,Cotton Candy
1933,Frank Marino & Mahogany Rush
1934,John Wayne
1935,The Incurables
1936,H-Town
1937,Voyager Series
1938,JERRY WALLACE
1939,Morgion
1940,Wild Horses
1941,Malefaction
1943,Charlie Walker
1944,Slum Village
1945,Youves
1946,Cats In Boots
1947,Firehouse
1948,The Panic Channel
1949,Ismael Dueñas
1950,The Galactic Heroes
1951,FU-Schnickens
1952,Anané
1953,Rocker-T
1954,Ana Popovic
1955,Baby D
1956,Lunasicc
1957,Juelz Santana / Bezel
1960,I Nuovi Angeli
1961,Joshua Rifkin
1963,Paul Glazby
1964,Patti Smith
1965,Saga
1966,Vrse Murphy
1967,Luke Bryan
1968,Thriller U
1969,Lennie Tristano
1970,Dead Kennedys
1971,Twinkle Twinkle Little Rock Star
1972,Cut Copy
1973,Salt The Wound
1974,The Cars
1975,De La Soul / MF Doom
1976,Mississippi Mass Choir
1977,The Ruby Suns
1978,Schoolyard Heroes
1979,Mannheim Steamroller
1980,ColdWorld
1981,David Banner
1982,Paul Cantelon
1983,Richard Lloyd
1985,Rainbow
1986,Marc Et Claude
1987,Pee Wee Crayton
1988,Fläskkvartetten / Thåström
1989,Ancient Astronauts
1990,Symphony in Peril
1991,Greg Vaccariello
1992,Mike Brooks
1993,This Moment
1994,The Chi-Lites
1995,Jerry Lewis
1996,Stephen Marley / Damian Marley
1997,Charlie Khan
1998,Steinski
1999,Chuck Wicks
2000,Lexi
2001,Tommy Sands
2002,DJ Harry
2003,Diamanda Galas
2004,Be Bop Deluxe
2005,Rolfe Kent
2006,Nu Flavor
2007,ISRAEL & NEW BREED
2008,Mystery
2009,Eko Fresh
2010,Buju Banton
2011,Alvin Youngblood Hart
2013,J Bostron & Beretta
2014,Mark Ashley
2015,Cindy Morgan
2016,Generation X
2017,Laidback Luke & Diplo
2018,The Edgar Broughton Band
2019,Aleks Syntek
2020,Los Del Rio
2021,Wes King
2022,Teijo Joutsela and Humppa-Veikot
2023,Jefferson Starship
2024,Ronny Eriksson
2025,Attack Attack
2026,Mighty Mighty Bosstones
2027,The Booth Brothers
2028,Vivian Khor
2029,Anne Dudley
2030,The Mustangs
2031,Paul Simon
2032,Eberhard Weber
2033,Jimmy Herring
2034,The Continentals
2035,Neil Diamond
2037,The Ataris
2038,Sharon Burch
2039,Koffi Olomidé
2040,Svartthron
2041,The Rongetz Foundation
2042,Claude François
2043,The Cate Brothers
2044,Tracy Byrd
2045,Jean Segurel
2046,Fran Perea
2047,Maria Muldaur
2048,Mustafa Sandal
2049,Johannes Linstead
2050,Dorothy Norwood
2051,Fania All Stars
2052,Big John Greer
2053,Jaguares
2054,Carman featuring Commissioned & The Christ Church Choir
2055,Sammi Cheng
2056,Cargo Cult
2057,Lord Sterling
2058,Gerard Lenorman
2059,Novika
2060,Eldar
2061,Eason Chan
2062,Hey Colossus
2063,Sonora Carruseles
2064,Jose Luis Perales
2065,El Poder del Norte
2066,Tony Matterhorn
2067,Kisha
2068,Ana Nikolic
2069,4 Skins
2070,Zapp
2071,Ximena Sarinana
2072,Busta Rhymes
2073,Fontella Bass
2074,Rhinostar
2075,Old Man's Child
2076,Patty Griffin
2077,Aeoliah
2078,Space Opera
2079,Through the Eyes of the Dead
2080,Finest Dearest
2081,Neema
2082,Sound 5
2083,Jorgen Ingmann
2084,Sean Callery
2085,Jesus Otero - Luny Tunes
2086,Fergie
2087,The Doors
2088,Erick Sermon
2089,Scott Glasgow
2090,Poncho Sanchez
2091,Livingston Taylor
2092,Fortitude
2093,R. Carlos Nakai
2094,Joe Grushecky
2095,Spitfire
2096,Equilibrium
2097,Kat DeLuna
2099,Johnny Horton
2100,XLNC
2101,Enrique Iglesias
2102,Esa Pakarinen
2103,Amy Lambert
2104,Torcuato Mariano
2105,Dobby Dobson
2107,Martriden
2108,Fredi
2109,Sandy Lam
2111,D:Fuse
2112,Daryl Hall & John Oates
2113,Bad Company
2114,Max Steiner
2115,Angel Romero
2116,Juliette & The Licks
2117,Paul Avgerinos
2118,Bangalafumenga
2119,Angels
2120,Prince
2121,Diego Verdaguer
2122,Cavo
2123,Bruisers
2124,The Highwaymen
2125,Joselito
2126,AFI
2127,Lil Mz. 313 featuring DJ Rashad
2128,Snowgoons
2129,Jah Legacy
2130,The Cufflinks
2131,Dimitri Tiomkin
2132,Pheeroan Aklaff
2133,Olivia Ruiz
2134,Rick Snel
2136,Chanta Vielma
2137,Undertakin' Daddies
2138,Papoose
2139,Plump DJs
2140,Konstantinos Galanos
2141,Astrovamps
2142,Jimmy Durante
2143,Jackie Wilson
2144,Sao Paris
2145,The Meatmen
2147,Jacques Dutronc
2148,The Gufs
2149,Eagles
2150,Basement Jaxx
2151,Mark Wills
2152,Weirdos_ The
2153,Tree
2154,DAVE MATTHEWS BAND
2155,George Jones
2156,John Berry
2157,Abijah
2158,Agnostic Front
2159,Sick Of It All
2160,Très
2161,Kevin Burke
2162,Sean Quinn
2163,Oscar Pettiford
2164,Fuel
2165,Marc Lavoine
2166,Frederick Knight
2167,Phantom Planet
2169,Hoods
2170,Grand Funk
2171,Geier Sturzflug
2172,Workhorse
2173,Deep Puddle Dynamics
2174,Zebra
2175,The Irish Rovers
2176,A Tundra
2177,Winds Of Plague
2178,Al Duvall
2179,Modern Lovers
2180,Atreyu
2181,Shelly Manne
2182,Amil
2183,DJ Godfather
2184,Thrice
2185,Fehlfarben
2186,Andres Calamaro
2187,Kruger
2188,Albert Préjean
2189,Lonestar
2190,Freddie McGregor
2191,Amber Nicholson
2192,Arctic Monkeys
2193,Kofi
2195,SANSHIRO
2196,Death SS
2197,Lou Reed
2198,Daniel Chan
2199,Alain-François
2200,Los Rumberos Catalanes
2201,Paulo Flores
2202,Philly's Most Wanted
2203,Phantomsmasher
2204,Bas-Sheva
2205,Big Star
2206,Grandpa Jones
2207,Cross Country
2208,Jack Miles
2209,The Marx Brothers
2210,Bug Mafia
2211,Converge
2212,Drexel
2213,Cool Connection
2214,Taylor Swift
2216,Misfits
2217,Jyve V
2218,Ino
2220,Eden's Bridge
2221,Abbott & Chambers
2222,Al DiMeola
2223,The Revolutionary Ensemble
2224,Leroy Van Dyke
2225,Peggy Lee
2226,Lightnin' Slim
2227,Randy Stonehill
2228,Mathey
2229,Elli Kokkinou
2230,David Arkenstone
2231,Pierre Perret
2232,Ben Sidran
2233,Soilent Green
2234,Long Beach Dub Allstars
2235,3 Way Funk
2237,Noel Harrison
2238,Liquid Stranger
2239,Spok Frevo Orquestra
2240,Bob Newhart
2241,Boney James And Rick Braun
2242,Beastie Boys
2243,Academy/Marriner
2244,Daouda
2245,Ace Da Vinci
2246,Andrae Crouch
2247,The Bug Featuring Ricky Ranking
2248,All Girl Summer Fun Band
2249,Madonna
2250,Louisa Mark
2251,Cookie Crew
2252,Michael Salgado
2253,Brainchoke
2254,León Gieco
2255,Moving Ninja
2257,Hound Dog Taylor and The Houserockers
2258,Tony Mathews
2259,La Billo_ Los Melódicos
2260,Screaming Lord Sutch
2261,Sylvia Tosun
2262,Dave Weckl
2263,Jacky Cheung
2264,Rance Allen Group
2265,Grayson Capps
2266,Café Quijano
2267,"Clarence ""Gatemouth"" Brown"
2268,The London Theatre Orchestra
2269,DJ Isaac
2270,X-tv
2271,Scott Weiland
2272,Beto y sus Canarios
2273,Bravehearts
2274,Robin Fox
2275,Deborahe Glasgow
2276,The Statler Brothers
2277,Vex'd
2278,The Kings
2279,Daler Mehndi
2280,Lil' Romeo
2281,Shunza
2282,Annie Blanchard
2283,La Bergère
2284,CoCo Lee
2285,The Last Days Of Jesus
2286,Dyango
2287,The Knife
2288,Chris Jagger
2289,Kieran
2290,REX ALLEN JR.
2291,Danny Davis & The Boys
2292,Sugar Ray
2293,DJ Omega
2294,Viki Mosholiou
2295,The All-American Rejects
2296,Vox Dei
2297,Tony Ashton & Friends
2298,Sinch
2299,MIMS
2300,The James Taylor Quartet
2301,Pedro Luis e a Parede
2303,The Mars Volta
2304,Lynn August
2305,POLINA
2306,Karlheinz Stockhausen
2307,Jennifer Clarke
2308,brokeNCYDE
2309,Richie McDonald
2310,Barenaked Ladies
2311,Nightswimmer
2312,99 Posse
2313,Pierre Boulez
2314,Assassin
2315,Max Stalling
2316,Deepest Blue
2317,Cactus
2318,Bob Cheevers
2319,Wesley Tuttle
2320,Brice Kapel
2321,DJ Deeon
2322,Yiannis Tassios
2323,MICHAEL WHITE
2324,Ricardo Lemvo
2325,Joe Bataan
2326,Spooky Tooth
2327,Larytta
2328,Kuba
2329,Reginaldo Bessa
2330,John Hammond
2331,Mazz
2332,Catupecu Machu
2333,Asure
2334,Jorge Alfano
2335,Stefon Harris
2336,D.A.R.
2337,Junior Parker
2338,Cheri Keaggy
2339,Cassidy
2340,Jessica Simpson featuring Lil Bow Wow
2341,Electronic pig
2342,Eduardo Fernandez / Norbert Blume / English Chamber Orchestra / George Malcolm
2343,Jane's Addiction
2344,Noisettes
2345,Pete Miser
2346,Mungo Jerry
2347,Grup Knar
2348,Amilcar
2349,The Distillers
2350,The Robert Cray Band
2351,Jacques Higelin
2352,Indica
2353,Pagan Wanderer Lu
2354,Eduardo Dusek
2355,Why?
2356,Hi-Tack
2357,Kékélé
2358,Dealership
2359,Frankie Howard
2360,Freakhouse
2361,The Smashing Pumpkins
2362,Starski and Clutch
2363,Gaither Vocal Band
2364,Big Mountain
2365,Kommunity FK
2366,Richi M.
2367,Foghat
2368,Tim Hughes
2369,DJ Icey
2370,Babbu Maan
2371,Yuppie Pricks
2372,Barbara Jones
2373,Sirka Ragnar
2374,Richard Walters
2375,It Dies Today
2376,Richie Ray & Bobby Cruz
2378,Little Brother
2379,Vaggelis Perpiniadis
2380,Charlie Byrd Trio
2381,Herb Alpert And The Tijuana Brass
2382,Glen Ricks
2383,Black Messiah
2384,unloco
2385,Tanya Chua
2386,The Cutting Edge
2387,Natalie MacMaster
2388,Southside Johnny Lyon
2390,Blackfoot
2391,Smiley
2392,Grizzly Bear
2393,GARFIELD
2394,George Dalaras
2396,Blondie
2397,Darcelys
2398,Red Foley
2399,The Weegs
2400,Yvette
2401,Tanika Turner
2402,Computer Paul
2403,Tomash Gee
2404,Debra Laws
2405,Chapta_ Stage McCloud_ SupaStarr & Tony Manshino
2406,The Monroes
2407,Red Stick Ramblers
2408,Doc & Merle Watson
2409,Berrogüetto
2410,William Goldstein
2411,Danger Danger
2412,Clay Crosse
2413,José Roberto Bertrami
2414,Elizete Cardoso
2415,Orquesta Harlow
2416,Belle and Sebastian
2417,Steven Halpern
2418,The Russell Family
2419,Ya Boy
2420,The Harvey Averne Dozen
2421,Taking Back Sunday
2422,The Clash
2423,Suzy Thompson
2424,Mart'nália
2425,Opiate For The Masses
2426,Quincy Jones
2427,Kamelo Punto Semos
2428,Les Brown
2429,Rooney
2430,8Ball & MJG
2431,Jazz Crusaders
2432,Faith Hill
2433,Kiss
2434,Dionne Warwick
2435,Swallow The Sun
2436,Stanley Clarke & George Duke
2437,Estopa
2438,Mark Feldman_ John Taylor_ Anders Jormin_ Tom Rainey
2439,Frank Stokes
2440,John Wesley Ryles
2441,Bobby Broom
2443,Los Amigos Invisibles
2444,Byron Cage featuring Tye Tribbett
2445,Frederic Galliano
2446,Room 5
2447,Lambda
2448,Leona Naess
2449,Roger Subirana
2450,Albert King
2451,Frankie Negron
2452,N.E.R.D.
2453,Tresenlesen
2454,Viktor Krauss
2455,Dan Cummins
2456,Willy DeVille
2457,Pescado Rabioso
2458,Justin Timberlake
2459,"Ricky Martin Feat. La Mari de ""Chambao"
2460,White Willow
2461,Los Barón De Apodaca
2462,Ten Wheel Drive
2463,Nerf Herder
2464,Vinícius de Moraes
2465,Huey Dunbar
2466,Sylver
2467,Dead Hearts
2468,Klubbingman feat. Beatrix Delgado
2469,Mawatari Matsuko
2470,Harry Diboula
2471,Scott Matthews
2472,Pennywise
2473,JK
2474,Taking Dawn
2475,Danny Williams
2476,Eyes Set to Kill
2477,Kol Simcha
2478,Ale Möller
2479,Jean Carignan
2480,The Dells
2481,The Dylans
2482,Floyd Cramer
2483,Craig Wedren
2484,Leon Lai
2486,Plies
2487,Nightfall
2488,Fountains Of Wayne
2489,The Knightsbridge Strings
2490,Juan Diego Flórez / Riccardo Frizza / Orchestra Sinfonica di Milano Giuseppe Verdi
2491,Lara Fabian
2493,Event Horizon
2494,Entre Ríos
2495,Arika Kane
2496,Oscar Castro-Neves
2497,The Cliks
2498,Jaci Velasquez
2499,Dixie Chicks
2500,Cliff Bruner
2501,Brigada Victor Jara
2502,The Crystal Method
2503,Kate Clinton
2504,Scissors for Sparrow
2505,MyKungFu
2506,Jesus Jones
2507,Sanna Nielsen
2508,Sin Plomo feat. Boris G.
2509,Dax Riggs
2510,Ben Jelen
2511,Warner mack
2512,Roj
2513,Jeanne Robertson
2514,Cabin Crew
2515,Lockwood
2516,Fenton Robinson
2517,Esser
2518,Black Debbath
2519,Happy Mondays
2520,The Plasmatics
2521,Chalk Farm
2522,This Or The Apocalypse
2523,Rocket From The Tombs
2524,Long John Hunter
2525,Djelimady Tounkara
2526,J.R. Writer_ Jha Jha
2527,Mr. Grillo
2528,The Hokum Boys
2529,No Address
2530,Nicky B
2531,John Stewart
2532,Hinge
2533,Bottom Of The Hudson
2534,Samba Enredo
2535,Michèle Crider;Eleonora Jankovic;Vincenzo La Scola;Riccardo Muti
2536,This Is Hell
2537,Michal
2539,Flame
2540,Royal Bubble Orchestra
2541,Tinariwen
2542,The Wes Montgomery Trio
2543,The Hollywood Brats
2544,Klimperei
2545,Mars Ill
2546,Three-6 Mafia
2548,Mike Vax
2549,Big Mike Griffin
2550,K'Naan
2551,Sven Scholander
2552,Arthur Fiedler;Earl Wild;Pasquale Cardillo
2553,Miranda Lee Richards
2554,Herbstrock
2555,Will To Will
2556,Rincon Morales
2557,Ray Barretto
2558,Adrienne Pierce
2559,I.N.T.
2560,TEN MADISON
2561,Alturas
2562,Phil Vassar
2563,Patricia Kaas
2564,Kyle Eastwood
2565,The Cat's Miaow
2566,Gerald Clayton
2567,DJ Rashad
2568,Dottie Rambo_ The Whites
2569,Stickboy
2570,Spade Cooley
2571,Bruford
2572,Joy Kitikonti
2573,Simon Harris
2574,Sam Baker
2575,Bruce Springsteen
2576,The Dreamtree Project
2577,Iggy Pop
2578,Johnny Kidd And The Pirates
2579,Daddy Yankee / Bounty Killer
2580,Philippe Eidel
2581,El Presidente
2582,Rocky Hill
2583,David & Steve Gordon
2584,Styles P
2585,Harry Connick_ Jr.
2586,Sex Machine ft. Shèna
2587,Mick Hucknall
2588,Farlow-Kirch Band
2589,Goldfish
2590,Pitch Black
2591,Rude Boys
2592,Dr Bombay
2593,Cadet
2594,The Tokens
2595,Devanic
2596,Los Traileros Del Norte
2597,Imiskoubria
2598,The Scare
2599,Massimiliano Damerini
2600,ZENFU
2601,Shifty
2602,Alex Ubago
2603,Alicia Keys
2605,Eyes Cream
2606,Melanie And The Secret Army
2607,ZombieSuckers
2608,LL Cool J / Freeway
2609,Ideal
2610,Midnight Fish
2611,Tijuana Hercules
2612,Albert Ayler
2613,Monty Are I
2614,Cassie
2615,Bone Loc
2616,David Palmer
2617,The Birds
2618,Massive Töne
2619,East To West
2620,Paquito Guzman
2621,M83
2622,Polkaholix
2623,Marvin Hamlisch
2624,Jim Breuer
2625,Antimatter
2626,Becoming The Archetype
2627,Karan Casey
2628,Jeckyll & Hyde
2629,The Unborn Chikken Voices
2630,Kathy Troccoli
2631,Kane
2632,Amorphis
2633,Alexisonfire
2634,Aswad
2635,Extrabreit
2636,Ben Harper And The Blind Boys Of Alabama
2637,Sabda Brahma
2638,Deitrick Haddon
2639,Shapeshifters
2640,Cristina Pato - Mutenrohi
2641,Capital Tax
2642,Francis Dhomont
2643,Mick Moloney
2644,Groundhogs
2645,Mase
2646,BoDeans
2647,Caniche Hara-Kiri
2648,Clarence Fountain
2649,Lightnin' Hopkins
2650,Vixen
2651,Thirst
2652,F.I.R.
2653,Jay & The Americans
2654,Seguridad Social
2655,Rajery
2656,Johnny Carver
2657,Sukhbir
2658,Beogradski Sindikat
2659,Bomb Squad
2660,Cartel
2661,Josh Turner
2662,Anneli Drecker
2663,themselves
2664,Barbara Lynn
2665,Pat Metheny / Charlie Haden
2666,Beat Pharmacy
2667,Rhinoceros
2668,Steinwolke
2669,Mind Furniture
2670,Drouz
2671,12 Gauge
2672,Dynamite Deluxe
2673,Bill Murk
2675,The Baltimore Consort
2676,Rod Piazza & The Mighty Flyers
2677,Solitaire
2678,Alvino Rey And His Orchestra
2679,Pale Forest
2680,Captain Hollywood Project
2681,Johnny Nash
2682,Big Mama Thornton with Kansas Bill and his Orchestra
2683,Jeanne Pruett
2684,All Shall Persih
2685,John Digweed
2686,Missy Higgins
2687,Hi-Fi Companions
2688,Mr. Kilombo
2689,Adalberto Santiago
2690,V Sinizter
2691,Johnny Winter
2692,Jean-Claude Darnal
2693,Grachan Moncur III
2694,Lester Bowie
2695,Wolfchant
2696,La 5A Estacion
2697,Legion Of Green Men
2698,Faces
2699,Aynsley Lister
2700,David Raksin
2701,Al Toomer
2702,Capone-N-Noreaga
2703,Patric C
2704,Jean-michel Rotin
2705,Flutlicht
2706,Prince With 94 East
2707,Fiasko
2708,Flickerstick
2709,A Skylit Drive
2710,Daughters
2711,The Waybacks
2712,Josie
2713,Dendemann
2714,Dave Alvin
2715,Illya Kuryaki And The Valderramas
2716,Call To Preserve
2717,Little Capes
2718,Junior Reid
2719,Xzibit featuring Jayo Felony and Method Man
2720,Hot Club Of Cowtown
2721,John Ottman
2722,Fabri Fibra
2723,Christoper Titus
2724,Frank Caliendo
2725,Guitar Shorty
2726,Groove Karma
2727,Joan Sutherland
2728,Love Jones
2730,Jaydee
2731,Auf Der Maur
2732,Kim English
2733,Jimmy Johnson
2734,The Jason Bonham Band
2735,Audio Pyper
2736,Oliver Lake Quintet
2737,Alkonost
2739,Xose Manuel Budiño
2740,RyanDan
2741,Pelt
2742,Annie Lennox
2743,Jellyfish
2744,María Elena Walsh
2745,BassTurk
2746,The Mighty Clouds Of Joy
2747,Spectra Soul
2748,The Glencastle Sound
2749,Bruce Carroll
2750,YZ
2751,Badmarsh & Shri
2752,Jeff Scott Soto
2753,Super700
2754,Wendy Moten
2755,Melatonin
2756,Pink Floyd
2757,Judas Iscariot
2758,Ashtrax
2759,California Oranges
2760,Anna Vissi
2761,Ada Jane
2762,Virgil Moorefield
2763,Dallas Holm
2764,Alexander O'Neal
2765,Bionikworld
2766,Don & Juan
2767,Noemi
2768,Soulwax
2769,Mae West
2770,Mayday
2771,David Andreu
2772,Mikey General
2773,Gorillaz
2774,Hef feat. Big2 & Dio
2775,Carolyn Arends
2776,The Strokes
2777,Natassa Theodoridou
2778,The Sonics
2779,DJ Phiene
2780,Loketo
2781,SKYCLAD
2782,Loudermilk
2783,Esion Jim
2784,Crematorium
2785,Geoff Muldaur
2786,Drag-On / DMX
2787,Take It Back!
2788,Tony Murena
2789,Daft Punk
2790,Nikos Xilouris
2791,The Shirrows
2793,Mississippi Fred McDowell
2794,Russ Taff
2795,Electric Light Orchestra
2796,To My Surprise
2797,Perrocker
2798,HardNox
2799,Billy Price_ Fred Chapellier
2800,DMZ
2801,Frank Chacksfield & His Orchestra
2802,Frl.Menke
2803,Ramy Ayach
2804,Everly Brothers
2805,Refractory
2806,Various Production
2807,Gene Pitney
2808,Johnny Daye
2809,Stephen Warbeck
2810,The Wreckers
2811,Enuff Z Nuff
2812,Gershon Kingsley
2813,Winifred Phillips
2814,Harry Lauder
2815,Zumpano
2816,Ill Harmonics
2817,Davol
2818,Shelby Flint
2819,Aimable
2820,K.I.Z.
2821,Pelle Carlberg
2822,Dart
2823,Milieu
2824,Korpiklaani
2825,Flink
2826,Daniel Paul
2827,Albert Collins
2828,The Cortinas
2829,Masta Ace Incorporated
2830,Dickies
2831,Tito Allen
2832,Jessie Lee Miller
2833,Back Door Slam
2834,Jeff Massanari Trio
2835,David Johansen
2836,Bill Engvall
2837,Françoise Hardy - Maurane
2838,Tshala Muana
2839,The Sensational Alex Harvey Band
2840,Belami
2841,Janina
2842,Mat Maneri
2843,Fast Eddie featuring Kool Rock
2844,Doniki
2845,Life Long Tragedy
2846,The Jam
2847,Jimmy Wayne
2848,Ann Lee
2849,Burt Bacharach
2850,Casa Bulga
2851,Domna Kountouri
2852,The Starting Line
2853,L.A.V.I
2854,Dezz White
2855,David Taylor
2856,Seatrain
2857,Chaka Demus & Pliers
2858,Mistress
2859,Inoki
2860,I Hate Sally
2861,Månegarm
2862,Liquid Gang
2863,Ernest Ranglin / Floyd Lloyd
2864,Junior Kimbrough
2865,DJ Vix
2866,Al Dexter
2867,Shadows Fall
2868,Aceyalone
2869,The Dils
2870,Tech N9ne
2871,The Rodeo
2872,Kristine W.
2873,Harald Kloser / Thomas Wander / Thomas Schobel
2874,ARRESTED DEVELOPMENT
2875,Étienne Daho
2876,Markscheider Kunst
2877,Edouard Duleu
2878,Orquestra
2880,HA-ASH
2881,Energy
2882,Zagar feat. Underground Divas
2883,Black Tambourine
2884,Black Sheep
2885,Dj Kun
2886,FSTZ
2887,Patrick Samson
2888,Ken Chu
2889,Kooii
2891,Paramore
2892,Ivan Parker
2893,Carl Davis
2894,Tunsi
2895,Ian Moore
2896,089 Clique feat. Prophet
2897,Chris Eaton
2898,Olga Tañon
2899,El Tiempo
2900,Palito Ortega
2901,Sportsguitar
2902,3OH!3
2903,Charlie Louvin
2904,Virtue
2905,Coco Montoya
2906,Los Del Sol
2907,Silkie Ft. Harry Craze
2908,Lou Busch
2909,Sundial Aeon
2910,Roger Clyne & The Peacemakers
2912,Jeremy Fisher
2913,Ginny Owens
2914,Play
2916,Le Vangle
2917,The Who
2919,Dijous Paella
2920,Porter Wagoner
2921,Belphegor
2923,J. Peter Robinson
2924,Brian Littrell
2925,Mr.De'
2926,Wade Ray
2928,Benga
2929,Obie Bermudez
2930,Baby Rasta & Gringo
2931,Emery
2932,Major Lazer / Vybz Kartel / Afrojack
2933,The Temper Trap
2934,Dédé Saint-Prix
2935,Casey Bill Weldon
2936,Carmen Y Laura
2937,Kaizers Orchestra
2938,Miguel Migs
2939,Protein
2940,Kevin Max
2941,Bloc Party
2942,George Huff
2943,Midge Ure
2944,Negura Bunget
2945,Oceansize
2946,Head Horny's
2947,Daan Junior
2948,Van Gelder
2949,Nick Jonas & The Administration
2950,Jeff Johnson
2951,Gang Of Four
2952,Peter Hunnigale
2954,Elton Britt
2955,Jean Fauque
2956,Hellsongs
2957,Cybertribe
2958,Seventh Star
2959,Dishwalla
2960,Marco Polo
2961,Rusted Shut
2962,Hadag Nahash
2963,Lords Of The Underground
2964,Marquez the Greatest
2965,Drowning Pool
2967,Juan Carmona
2969,Art Ensemble Of Chicago
2970,Swim
2971,Brenda Lee
2972,Gisselle
2973,MC Sadri
2974,Weedeater
2975,Mel Blanc
2976,Paul Carrack
2977,Elvenking
2978,At The Gates
2979,Special Duties
2980,Eastmountainsouth
2981,Richard Hell & The Voidoids
2982,V'ro
2983,From Dying Skies
2984,Turibio Santos
2985,David Phelps
2986,Tranzas
2987,Perfection
2988,Fred Simon
2989,Terror Squad / Remy / Prospect / Armageddon
2990,G.G. Allin
2991,The Bureau De Change
2992,Darden Smith
2993,Los Indios Tabajaras
2994,Charanga de la 4
2995,Ramesses
2996,Johnny Otis Show
2997,Trentemoller
2998,Lorna
2999,Maroon 5
3000,The Keys
3001,Claudio
3002,Mohammad Nouri
3003,Anthony Blea Y Su Charanga
3004,CMW - Compton's Most Wanted
3005,Walter Ego
3006,Tayfun
3007,Jay Randall
3008,Bonita & Jerry Cormier
3009,Clarence Profit
3010,African Rhythm Messengers
3011,James Blackwood with The Light Crust Doughboys
3012,Alphonse Mouzon
3013,Lole y Manuel
3014,The Equals
3015,M.A. Numminen
3016,Ken Yokoyama
3017,Big Dee Irwin
3018,Samba Trio
3019,Tammy Pescatelli
3020,Planxty
3021,Cirrus
3022,The Sterns
3023,Edgar De L'est
3024,Sara Melson
3025,Foals
3026,Mush
3027,The Gaskets
3028,The Knux
3029,The Motors
3030,Loop Guru
3032,Los Nakos
3033,Didier François
3034,Vince Taylor
3035,Kostis Maraveyas
3036,María
3037,Israel & Moises
3038,Erik Tronic
3039,Fred Merpol
3040,Roberto Perera
3041,Koordinate Of Wonders
3042,Ann Nesby
3043,Mademoiselle Sane
3045,Midwest Product
3046,Patrick Eudeline
3047,Piero Esteriore
3048,Sonny Landreth
3049,Save As
3050,Connemara Stone Company
3051,Hard Romantic
3052,The Chico Hamilton Quintet With Fred Katz_ Paul Horn_ John Pisano_ Carson Smith
3053,Lidell Townsell
3054,P.O.S
3055,DJ Clue / P. Diddy
3056,Dynamix
3057,Gathering
3058,Languis
3059,Mills Brothers
3060,Sue Foley
3061,Barry Mann
3062,Krayzie Bone
3063,Dark Shadows
3064,Light Of The World
3065,Rocky Whatule
3066,Aphasia
3067,City High
3068,Caballo Dorado
3069,Chroma Key
3070,The Red Jumpsuit Apparatus
3071,Anna Abreu
3072,Rachael Starr
3073,Joe Turner
3074,Georges Parys
3075,Jake Hess
3076,Fiona Sit
3077,Showbread
3078,The Gathering
3079,Timbalada
3080,Arne Weise
3081,Bimbo
3082,Samba Mapangala and Orchestra Virunga
3083,Beautiful Creatures
3084,Walter Hawkins
3085,Wamdue Project
3086,Anthony Cruz
3087,Hector
3088,Pep Laguarda & Tapineria
3089,Rod Bernard
3090,Keep Of Kalessin
3091,Magic Systeme
3092,Eazy-E
3093,Scott Ainslie
3094,Tyree
3095,Cabas
3096,The John Buzon Trio
3097,Peloton
3098,Paul Buckmaster
3099,Faron Young
3100,Sandra Mihanovich
3102,KMD
3103,Nana Mouskouri
3104,Time Zone
3106,Telecast
3107,God Lives Underwater
3108,Bob Hope
3109,Fake Problems
3110,Héroes del Silencio
3111,Anthony Watson
3112,John Travolta / Christopher Walken
3113,ATB
3114,Yellowcard
3116,Gabriel Grossi
3117,Ray Lynch
3118,Frenchy
3119,Cadacross
3120,Martin Lawrence
3121,NO-TONE ft.Inusa
3122,Henri Pousseur
3123,Marygold
3124,Dope Stars Inc.
3125,The Wiyos
3126,Oh No
3127,Eddie and the Subtitles
3128,Jason Michael Carroll
3129,Mario Telles
3130,Coolio Da Unda Dogg
3132,Abbott & Chambers
3133,Django Asül
3134,Electrostatic
3135,Mr Lab!
3136,Charles Aznavour
3137,Jason & The Scorchers
3138,Corderoy
3139,Twenty 4 Seven
3140,DCX
3141,Creedence Clearwater Revisited
3142,Big Daddy Rick
3143,Gail Davies
3144,Leslie Mendelson
3145,Percy Mayfield
3146,Corb Lund
3147,The Mystic Moods Orchestra
3148,Paul Overman
3149,Fernando Ortega
3150,Cliff Edwards/Disney Studio Chorus
3151,Sonny James
3152,Charly García
3153,Walter Wanderley Trio
3154,Noah Lewis
3155,Perez Prado_ His Orchestra
3156,Vic Chou
3157,Joe Bonamassa
3158,Gian Marco
3159,Kako
3160,Terje Lie
3161,V V Brown
3162,Blindman's Sun
3163,Cecilia Bartoli / International Chamber Soloists / Orchestra La Scintilla / Adam Fischer
3164,Benny Spellman
3165,Confetti's
3166,Tommy Makem;The Clancy Brothers
3167,Terry Dexter
3168,Diamond Rexx
3169,Shout Out Out Out Out
3170,George Faith
3171,Marc Broussard
3172,Montrose
3173,TRAM 11
3174,Petrol
3175,Future Leaders of the World
3176,Messy Marv & D.Z.
3177,The Tall Grass
3178,Renee Rosnes
3179,Deftones
3180,Tigerstyle
3181,impulsonic
3183,The Tamperer
3184,Super Cat
3185,Larissa
3187,Bruce Katz Band
3188,Daniel Kobialka
3189,War Babies
3191,Rob Mullins
3192,Wordsworth feat. Adanita Ross
3193,John Fogerty
3194,Ruby Isle
3195,Kirk Franklin with tobyMac & Sonny (of P.O.D.)
3196,Ramses
3197,Symbiosis Orchestra
3198,Luciana Souza
3199,Jim Kweskin_ The Jug Band
3200,Berlin
3201,Sleepy D
3202,Peret
3203,B.o.B
3205,Movado
3206,Shai Hulud
3207,Home Town Hero
3208,Misty Roses
3209,Little Angels
3211,Maria Forde
3212,Ronnie Drew
3213,The Honeydogs
3214,Marco Rima
3215,Pete Rock & C.L. Smooth
3216,Kokane
3217,Skyforger
3218,Théophil
3219,Mother Superior
3220,The Exciters
3221,Buffalo Nickel Band
3222,Natasha Bedingfield
3223,Atomship
3224,Disembowelment
3225,Spongebob Squarepants
3227,Kelly Sweet
3229,Patti Smith Group
3230,Maddox Brothers and Rose
3231,Big Jay Oakerson
3232,Ed Bruce
3233,Mt. Wilson Repeater
3234,Intex Systems
3235,Evanescence
3236,Mocambo Allstars
3237,Dala
3238,Bikini Machine
3239,Guillaume Ledent
3240,Willie Barcena
3241,Billie Ray Martin Feat. Ann Peebles
3242,Kenny Wayne Shepherd
3243,Gina V. D'Orio
3244,Original Love
3245,Unkle Bob
3246,Dark new Day
3247,Twin Atlantic
3248,Peter Gallagher
3249,Adam Richman
3250,Toby Love featuring Rakim & Ken-Y
3251,Slackbaba
3253,Lexie Mountain Boys
3254,Carroll Thompson
3255,Taya wooden
3256,Ghetto Mafia
3257,Swans Of Avon
3258,Adam Richmond
3259,Inhume
3260,Migraine
3261,Letters To Cleo
3262,Marshall Crenshaw
3263,False Prophets
3264,Gerald Veasley
3265,Delirious
3266,Jaime Jamgochian
3267,Vulgar Pigeons
3268,50 Cent
3269,Tullycraft
3270,Sub Focus
3271,D'Molls
3272,Michael Convertino
3273,Aisha Duo
3274,Danielle Bollinger
3275,Sébastien Roch
3276,Asha Puthli
3278,Zbigniew Preisner
3279,Caspian
3280,Kati
3281,Jimmie Davis
3282,Sonny Terry
3283,Mr. De'
3284,Al Rapone
3285,Ebba Forsberg
3286,Zachary Richard
3287,Dominic
3288,Suzi Quatro
3289,When Dinosaurs Ruled The Earth
3290,Barry Künzel
3292,Carpenters
3293,Jonn Serrie
3294,Sukhwinder Singh
3295,The Tarriers
3296,Kuldeep Paras
3297,Jets
3298,Keira Green
3299,Festival
3300,Amanajé
3301,L.a. Dream Team
3302,North Mississippi Allstars
3303,Channel Live
3304,Modern Day Escape
3305,Steve Porter
3306,Jordan & Baker
3308,Cass Fox
3309,Seventh Day Slumber
3310,Oscar Peterson Trio
3311,The Villas
3312,Will Ackerman
3313,Ambient Music Therapy
3314,Syl Johnson
3315,Dave Graney & Clare Moore
3316,The Raconteurs
3317,Roy Carrier
3318,La Charanga Rubalcaba
3319,Marilyn Scott
3320,Stockhausen Waterman
3321,W.A.S.P.
3322,Her Majesty's Finest
3323,Ram Squad
3324,Bambino_ Ivan Tirado
3325,Cardenales del Exito
3326,Greis
3327,Bowen_ Robin Huw
3328,Al De Lory
3329,John Mellencamp
3330,Márcio Faraco
3331,Derek Bell
3332,Henry Lee Summer
3333,Janie Fricke
3334,Arthur Brown
3335,Owsley
3336,Jim Smoak & The Louisiana Honeydrippers
3337,Ghost Machine
3338,The Game
3339,Marco Demark feat. Peter Millwood
3340,Fastway
3342,23rd Turnoff
3343,Cyril Pahinui
3344,Metsatöll
3345,Ray Vega
3346,Pascal Lejeune
3347,Recluse
3348,Old Soul
3349,Lil' Band O' Gold
3350,New Found Glory
3351,Ebru Gündes
3352,Kellie Coffey
3355,The Chinese
3356,Djalma Correa
3357,Norther
3358,Solas
3359,Dixieland Jug Blowers
3360,Scheich
3361,iTAL tEK
3362,Kyle Riabko
3363,Johnny Copeland
3364,Sick On The Bus
3365,Mylon LeFevre
3366,Dale Hawkins
3367,The Products
3368,Todos
3369,Los Munequitos de Matanzas
3370,Sharon Shannon_ Carol Keogh
3371,Ruben Cossani
3372,Ashbrg
3373,Anna Meliti
3374,Pariah
3375,Las Niñas
3376,Electric O & Ishkan
3377,Leon Berry
3378,Soundgarden
3380,YGGDRASIL
3381,6CycleMind
3382,Slick Rick
3383,Carlos Embales - Cutumba
3384,Lynette Schultz
3385,The Cannanes
3386,Pantanito
3387,Paul Thorn
3388,Nino Nardini
3389,Séamus Ennis
3390,Roger Sanchez
3391,Leningrad Cowboys
3392,Pete Philly & Perquisite
3393,Mr Brown
3394,Manjul
3395,Michelle Wright
3396,Os Gaiteiros de Soutelo
3397,John Van Tongeren
3398,Tony Malone And The Rapparees
3399,Yolandita Monge
3400,The Lord Henry
3401,Way Out West
3402,QBO
3403,A Different Breed of Killer
3404,Nouvelle
3406,Georgia Satellites
3408,Talib Kweli
3409,Ned Miller
3410,Inspector 9
3411,deadboy & the Elephantmen
3412,Aurlus Mabélé
3413,Tha Alkaholiks
3414,Moist
3415,Angela Stewart
3416,Dons
3417,The Business
3418,Del Horno
3419,Stellar Kart
3420,Magnatune Compilation
3421,Jessica Myrberg
3422,Russell Malone
3423,Diego Vasallo
3424,Grandmaster Flash
3425,Joell Ortiz
3426,Nik & Jay
3427,Vicious Mary
3428,Oscar Lima
3429,Harry Gregson-Williams
3430,Rockit
3431,Bob McKenzie / Doug McKenzie
3432,Constance Demby
3433,David Robertson
3434,Birds of Prey
3435,Unwritten Law
3436,Wednesday 13's Frankenstein Drag Queens From Planet 13
3437,Tarheel Slim
3438,Dan Moretti
3439,Speech
3440,Smokin' Joe Kubek & Bnois King
3441,Junior M. A. F. I. A.
3442,The Four Pennies
3443,Leana
3444,Vonray
3445,THE AD LIBS
3446,Jill Paquette
3447,PRE
3448,Gabriela Anders
3449,Hunters
3450,Theodore Shapiro
3451,Jimmy McCracklin
3452,Mister Ries
3453,Bullethole
3454,Lady GaGa
3455,Blackbyrds
3456,Johann Köhnich
3457,Flexy
3458,Valient Thorr
3459,Northern State
3460,Patience Dabany
3461,Akissa
3462,Eric B. & Rakim
3463,Isabelle Adjani
3464,Urge Overkill
3465,JK
3466,ZTrip
3467,Murphy Lee / Zee
3468,Leaders Of The New School
3469,Esperanza Spalding / Leo Genovese
3470,Roy Roberts
3471,Stone Temple Pilots
3472,Damita
3473,Mint Condition
3474,Shay Torrent
3475,We Five
3476,Erin O'Donnell
3477,Serge Desaunay
3478,Los Cumbieros Del Sur
3479,Eagles Of Death Metal
3481,Opals
3482,Emit
3483,Goose
3484,Leo Dan
3485,Rockabye Baby!
3486,Ned Nash Orchestra
3487,Motograter
3488,The Funeral Pyre
3489,Barry Goldberg
3490,The Summer Obsession
3491,Dabbler
3492,Beth Nielsen Chapman
3493,The Rambos
3494,Emile Vacher
3495,Wanda De Sah
3496,Matt Redman
3497,Go Fish
3498,Jody Bernal
3501,Grey Area
3502,Lot Lorien
3503,Khold
3504,Banda La Bocana
3505,George Hamilton IV
3506,Orquesta America
3507,2-Gether feat. Sarinah
3508,Danny Barnes
3509,Premiums
3510,David Jalbert
3511,Joy Enriquez
3513,Julio Iglesias Jr
3514,Irtio
3515,Groupa
3516,Gene Autry
3517,Gösta Ekman / Tage Danielsson
3518,Spunk
3520,Brooke White
3521,Tones On Tail
3522,Dictafone
3523,Frost
3524,Bingo Players
3525,Hal Russell
3526,Molesta Ewenement
3527,Chico Cesar
3528,Reach 454
3529,Jude Cole
3530,Paris_ Texas
3531,New Direction
3532,Eiffel 65
3533,Jaco & Mixxmaster
3534,Mad Are Sane_ The
3535,Crowbar
3536,Abrar - Ul - Haq
3537,Moros Eros
3538,Jean Corti
3539,Salt-N-Pepa
3540,Captain Beefheart & The Magic Band
3541,The Flesh
3542,Bülent Ceylan
3543,Kris Gruen
3544,Billy Pilgrim
3545,Porno For Pyros
3546,The Ronettes
3547,My Little Airport
3548,Markus
3549,Mighty Joe Young
3550,Lari White
3551,George Schuller
3552,Bobaflex
3553,Hins Cheung
3554,Anita Kerr
3555,Adrenalin O.D.
3556,Joe Graves & The Diggers
3557,Dean Evenson
3558,Arctique
3559,Lacy J. Dalton
3560,Cassius Clay
3561,Henri Rene And His Orchestra
3562,Disco D feat. Lola Damone & Helluva
3563,Black Box
3564,Monika_ Wolfgang
3565,Death Cab for Cutie
3566,Four Tet
3567,Dale Russ / Finn MacGinty
3568,Axe
3569,Joe Derrane_ Frankie Gavin_ Brian McGrath
3570,Truckfighters
3571,Eugene McDaniels
3572,The Five Stairsteps
3573,Lighthouse Family
3574,Socialburn
3575,Roger Miller
3576,Sal Mineo
3577,Vinylbase
3579,Defari
3580,Dario Marianelli
3581,Paul Stanley
3582,Liam O'Flynn
3583,The California Cajun Orchestra
3584,LaWanda Page
3585,Steve Harvey
3586,Bruno Sanfilippo
3587,Rainforest Trio
3588,Deepface
3589,T.I.
3590,Britny Fox
3591,Power Pill Fist
3592,Year of Desolation
3593,Olive
3594,Tim Hornsby
3595,Peter Hunningale
3596,Nicolas Bacchus
3597,David Benoit
3598,32 Leaves
3599,Barbara Carr
3600,Louie Ramirez
3601,Orenda
3603,The Advantage
3604,Pepe Romero
3605,The Maine
3606,Jimmie Vaughan
3607,Camerata Brasil
3608,TAKARU
3609,Morton Gould
3610,The Wilburns
3611,Dann Huff
3612,T Lavitz
3613,Samy Deluxe
3614,The Abominable Iron Sloth
3615,Josh Mullins
3616,The Capitol Years
3617,Cyndi Wang
3618,Eleanor McEvoy
3619,Population Reduction
3620,Fajardo
3621,Marcel Azzola
3622,Meiway
3623,The Fool'S Nose
3624,Harry Choates
3626,Sheek Louch
3627,Papp'os Blues
3628,Renato Borghetti
3629,Throw The Fight
3630,Donna Ares
3631,John P. Kee
3632,Nolwenn Leroy
3633,The Primitives
3634,AUDIO.3
3635,Pedro Garcia & His Del Prado Orchestra
3636,Fleet Foxes
3637,Elliot Smith
3638,Murderdolls
3639,Human Disease
3640,Dottie West
3641,Buckeye Politicians
3642,First Blood
3643,Carlton Livingston
3644,Mac Dre
3645,Christian adam
3646,Nikos Kalaintzis
3647,Denise Ho
3648,Love and Rockets
3649,Billy Walker
3650,Gato Perez
3652,GZA/The Genius
3653,Poptart Monkeys
3654,Kill The Client
3655,Willie Colon
3656,Endres
3657,Annie Minogue Band
3658,J-MACK
3659,Alias
3660,Donna Fargo
3661,Roger Creager
3662,System of a Down
3663,Clannad
3664,Session Americana
3665,DJ Guy
3666,Moving Cloud
3667,Johnny Vicious
3668,The Fire Theft
3670,Lightforce
3671,Jacques Ferchit
3672,Gunther & the Sunshine Girls
3673,Jericho
3674,TYR
3675,Kalibas
3676,Temple Of The Dog
3677,Derek Bailey
3678,Bruce Robison
3679,Big Daddy Kane
3680,A-Mei
3681,Les Witches
3682,Paris Musette
3683,Taal
3684,Egberto Gismonti
3685,Click / Click_ M_Ferri
3686,Vincenzo
3687,Triana Pura
3688,Yölintu
3689,Frank Vignola
3690,Savoy Brown
3691,Tri Atma
3692,A Day To Remember
3693,Namatjira
3694,Sensations
3696,The Small Knives
3697,Eclier
3699,Clockwise
3700,Orthrelm
3701,Len Barry
3702,Rhian Lois
3703,Sounds Of Blackness
3704,Mr. Blue
3705,For Squirrels
3706,Sunidhi Chauhan / Anu Malik / Jatin Sharma
3707,Princess Lover
3708,Antigone Rising
3709,Crusaders
3710,Karnig Sarkissian
3711,Proficy
3712,Tony Tuff
3713,Caramell
3714,Winston McAnuff_ The Bazbaz Orchestra
3715,Cedric Myton
3716,Stefano Battaglia_ Giovanni Maier_ Michele Rabbia
3717,Mick Clarke
3718,Ebru Yasar
3720,Chacho
3721,Edelweiss
3722,Guaco
3723,Havok
3724,Los Salvajes
3725,BMX Bandits
3726,Rustless
3727,Julissa
3728,Marc Dorsey
3729,Plaza
3730,Giorgos Marinis
3731,3 of Hearts
3732,Ciaran Byrne
3733,Hollowtip
3734,Pete Bamboo
3735,Kurtis Blow
3736,Portobello
3737,One Be Lo
3738,Bodies In the Gears of the Apparatus
3739,Necrodaemon
3740,Sound Field
3741,Crucial Conflict
3742,RIDDLIN' KIDS
3743,Yndio
3744,Sukshinder Shinda
3745,Liquid Spill
3746,2XL
3747,Leann Rimes & Brian McFadden
3748,The Bronx Horns
3749,D.R.S.
3751,David Guetta - Joachim Garraud - Chris Willis
3752,Pam Thum
3753,Greek Gypsy Musicians
3754,Joey McIntyre
3755,Clementina De Jesus
3756,The Disposable Heroes Of Hiphoprisy
3757,Jean Marc Thibault
3758,Studio
3759,You Should Go Ahead
3760,Lil Wayne
3761,The Bongo Man
3762,Chris Camozzi
3763,Najoua Belyzel
3764,Vincent Baguian
3765,David Rose & His Orchestra
3766,Reptil
3767,Douglas Miller
3768,Criminal Class USA is Hush Hush Revolution
3769,Total Fucking Destruction
3770,Gary Go
3771,He Is Legend
3772,Norman Howard
3773,bel canto
3774,Remy Shand
3775,Maracaibo 15
3776,Dan Hicks
3777,The Katinas
3778,Lit
3779,Ai Ai Ai
3780,Cachao
3781,Pictures of Then
3782,Music Explosion
3783,The Last Vegas
3784,Beneath The Sky
3785,[kaleidoskop]
3786,Bedrock
3787,Radio Birdman
3788,Digital Mystikz
3789,John Mayall
3790,Richard Smith
3791,Giorgos Sabanis
3792,Vana
3793,The Zebras
3794,Vulture Industries
3795,Bo Carter
3796,Fredericks_ Goldman_ Jones
3797,Monique Morelli
3798,Alexander Zonjic
3799,Angela Lashley
3800,Emilio Tuero
3801,Howie Day
3802,King Swamp
3803,Joe Lopez
3804,El Gran Combo De Puerto Rico
3805,Bobby Valentin
3806,Life In Your Way
3807,Punk'd Royal
3808,"Buzzov¬""en"
3809,22-20s
3810,Elvira
3811,Non Stop DJs
3812,Guy Forsyth
3813,Helen Hobson
3814,Limbonic Art
3815,Joey Negro
3816,Rachel Loy
3817,Earth
3818,Archie Bell and The Drells
3819,Airto Moreira
3821,Luisito Rosario
3822,Monomonkey
3823,Aram Shelton
3824,Konexion
3825,Tilman Sillescu
3826,Birdapres
3827,Controlled Dissonance
3828,The Reverend Peyton's Big Damn Band
3829,(hed) p.e.
3830,Stargarden
3831,Ace Frehley
3832,Leeroy Stagger
3833,Doc Pomus
3834,Slim Harpo
3835,Stimulator
3836,Stephen Pearcy
3837,DJ DLG feat. MC Flipside
3838,Pat Green
3839,Daddy Dog
3840,Riamiwo
3841,Sub Swara
3842,Los Jaigüey
3843,NG3
3844,Vienna Concert House Orchestra_ Wiener Sängerknaben_ Ferdinand Grossmann
3845,Vuneny
3846,Ras Michael and the Sons of Negus
3848,Musical Youth
3849,Fulanito
3850,Blessid Union Of Souls
3851,Laura Leon
3852,Easy Star All-Stars
3853,The Insects
3854,Low Millions
3855,Devine and emilyPLAY
3856,Blanks77
3857,Gall_ France
3858,Frank Sinatra
3859,Wednesday 13
3861,Virus
3862,Tigertailz
3863,Chatelaine
3864,Monty
3865,Muzsikas
3866,Oui Oui
3867,C.L. Smooth
3868,Oliver Kalkofe
3869,Roger McGuinn
3870,Drop Dead_ Gorgeous
3871,Willie Isz
3872,Justo Almario
3873,Dungeon Family
3874,Semprini
3875,Daylight Torn
3876,Michael English
3877,Ultra X
3878,Jonathan Edwards / Will Ferrell
3879,Hot Boys
3880,Pedro Laza Y Sus Pelayeros
3881,Deep Blue Something
3882,Little Willie John
3883,Lloyd Spiegel
3884,Winterlight
3885,Daara J
3886,Kaskaad
3887,Chantal Chamandy
3888,Mouth Of The Architect
